sample_sha256,test,spec,expectation,tau,se,ci_low,ci_high,p_value,p_wild_bootstrap,n_obs,n_clusters,bandwidth_m,note
e8c10644fe17685a,R1 placebo cut-off,"d = -500 m, outside data only",~0,0.01167808640627527,0.022259632491782925,-0.03731503437703918,0.06067120718958972,0.6102496444236077,,57717.0,12.0,400.0,
e8c10644fe17685a,R1 placebo cut-off,"d = -250 m, outside data only",~0,-0.0014667910214312273,0.020119903460635354,-0.04575039996059121,0.042816817917728754,0.9431924445512798,,56397.0,12.0,400.0,
e8c10644fe17685a,R1 placebo cut-off,"d = +250 m, inside data only",~0,-0.011766910723311588,0.025387757699046817,-0.06764498866669526,0.044111167220072085,0.6520509254770988,,43781.0,12.0,400.0,
e8c10644fe17685a,R1 placebo cut-off,"d = +500 m, inside data only",~0,0.05068747092415838,0.027160310080500735,-0.009091968506275055,0.11046691035459182,0.08887634787329639,,41044.0,12.0,400.0,
e8c10644fe17685a,R2 covariate balance,share flat,~0,-0.05208030808679739,0.021382537912569676,-0.09914295671727427,-0.005017659456320496,0.033077000088947955,,62196.0,12.0,400.0,
e8c10644fe17685a,R2 covariate balance,share detached,~0,0.009415981935912447,0.007797557219223948,-0.007746325788497129,0.026578289660322024,0.2525416832493441,,62196.0,12.0,400.0,
e8c10644fe17685a,R2 covariate balance,share leasehold,~0,-0.007903553609740299,0.006143116412485935,-0.021424461670283845,0.005617354450803247,0.22466152533134598,,62196.0,12.0,400.0,
e8c10644fe17685a,R2 covariate balance,share new build,~0,-0.010517969114297003,0.01347876584492407,-0.04018453271520779,0.019148594486613782,0.45165826790387775,,62196.0,12.0,400.0,
e8c10644fe17685a,R2 covariate balance,LSOA IMD 2019 rank (1 = most deprived),~0,684.5795347890635,396.40169179696767,-187.89470628783715,1557.053775865964,0.11210621846922306,,62196.0,12.0,400.0,
e8c10644fe17685a,R2 covariate balance,distance to nearest rail/Underground/DLR/tram station (m),~0,16.326105314152915,22.772240641274376,-33.79525839912981,66.44746902743563,0.48836089994771426,,62196.0,12.0,400.0,
e8c10644fe17685a,R3 density (McCrary),sales,no discontinuity,0.012948928996335596,0.017426923191517403,-0.021207840459038514,0.047105698451709706,0.45745649127159826,,114635.0,,400.0,tau is log(f_inside) - log(f_outside); a smooth outward rise is expected from circle geometry
e8c10644fe17685a,R3 density (McCrary),postcode units,no discontinuity,0.05507155698847832,0.05163702493245969,-0.04613701187914267,0.1562801258560993,0.28619181735900456,,12438.0,,400.0,tau is log(f_inside) - log(f_outside); a smooth outward rise is expected from circle geometry
e8c10644fe17685a,R4 donut,drop |d| < 25 m,stable,0.014741520222775474,0.02396666359861617,-0.03800875069447892,0.06749179114002987,0.5510113219171119,,58357.0,12.0,400.0,
e8c10644fe17685a,R4 donut,drop |d| < 50 m,stable,0.0009676173530848379,0.03263409997723462,-0.07085955240947185,0.07279478711564154,0.9768769141923727,,54200.0,12.0,400.0,
e8c10644fe17685a,R5 timing,"URN 102673: grade 2 -> 1 published 2017-12-12, before",premium moves with the grade,0.0011268142256284641,0.056092987283597635,-0.10893993370572697,0.1111935621569839,0.9839767182896264,,3770.0,1054.0,400.0,
e8c10644fe17685a,R5 timing,"URN 102673: grade 2 -> 1 published 2017-12-12, after",premium moves with the grade,0.0043301108599591055,0.047195792513461655,-0.08826046284408393,0.09692068456400213,0.9269129211764333,,9897.0,1267.0,400.0,
e8c10644fe17685a,R5 timing,"URN 102679: grade 2 -> 1 published 2017-06-19, before",premium moves with the grade,-0.00025910817288006885,0.06922815897905384,-0.13621136121279745,0.1356931448670373,0.9970148866067985,,1795.0,616.0,400.0,
e8c10644fe17685a,R5 timing,"URN 102679: grade 2 -> 1 published 2017-06-19, after",premium moves with the grade,-0.013160251871629142,0.05501816914624517,-0.12116039917792222,0.09483989543466394,0.8110142661564224,,5572.0,786.0,400.0,
e8c10644fe17685a,R5 timing,"URN 103103: grade 2 -> 1 published 2018-07-20, before",premium moves with the grade,0.01348666797809342,0.033916629230973994,-0.053131663809293156,0.08010499976548,0.6910447300864289,,2416.0,565.0,400.0,
e8c10644fe17685a,R5 timing,"URN 103103: grade 2 -> 1 published 2018-07-20, after",premium moves with the grade,-0.03693382710610117,0.04113487620820337,-0.11771363671608423,0.043845982503881886,0.36960099042269046,,5170.0,624.0,400.0,
e8c10644fe17685a,R5 timing,"URN 136711: grade 1 -> 2 published 2022-09-28, before",premium moves with the grade,0.006357867171394886,0.027424313464751767,-0.04753098218700578,0.06024671652979555,0.8167680215107576,,2411.0,473.0,400.0,
e8c10644fe17685a,R5 timing,"URN 136711: grade 1 -> 2 published 2022-09-28, after",premium moves with the grade,-0.051929378071081916,0.038646744257653146,-0.1279235167837433,0.024064760641579475,0.17986874433517078,,833.0,372.0,400.0,
e8c10644fe17685a,R5 timing,"URN 137060: grade 2 -> 1 published 2017-11-01, before",premium moves with the grade,0.1148714893633131,0.06102635969888208,-0.0049880958899896355,0.23473107461661583,0.0602921639626598,,1603.0,581.0,400.0,
e8c10644fe17685a,R5 timing,"URN 137060: grade 2 -> 1 published 2017-11-01, after",premium moves with the grade,0.05469323705304613,0.058911606574737645,-0.06096473853376974,0.170351212639862,0.35351215234484945,,4373.0,725.0,400.0,
e8c10644fe17685a,R5 timing,"URN 137635: grade 2 -> 1 published 2019-06-05, before",premium moves with the grade,0.0011094297778481421,0.04798954767555639,-0.09337344621309615,0.09559230576879243,0.981573163693503,,1399.0,270.0,400.0,
e8c10644fe17685a,R5 timing,"URN 137635: grade 2 -> 1 published 2019-06-05, after",premium moves with the grade,-0.07282691660241514,0.05157507063933875,-0.17431624471384152,0.02866241150901125,0.15895610003352886,,1740.0,305.0,400.0,
e8c10644fe17685a,R5 timing,"URN 143428: grade 3 -> 2 published 2019-06-16, before",premium moves with the grade,0.0428111456536153,0.06416601067438611,-0.0844470026259552,0.1700692939331858,0.5061405342092427,,209.0,104.0,400.0,
e8c10644fe17685a,R5 timing,"URN 143428: grade 3 -> 2 published 2019-06-16, after",premium moves with the grade,0.0363199469780328,0.04732748660100081,-0.05710530230227813,0.12974519625834374,0.4438977969030029,,1074.0,171.0,400.0,
e8c10644fe17685a,R6 measurement error,share of sample with |d| < 25 m,small; misclassification attenuates toward zero,0.033488899550748026,,,,,,,,,postcode centroids place ~15 addresses at one point; the estimate is a conservative floor
e8c10644fe17685a,R6 measurement error,share of sample with |d| < 50 m,small; misclassification attenuates toward zero,0.06975182099707768,,,,,,,,,postcode centroids place ~15 addresses at one point; the estimate is a conservative floor
e8c10644fe17685a,R7 year-matched radius,running variable from latest offer-day cut-off before sale,"same sign, similar size",-0.02365919746167048,0.010655930786430077,-0.047112742989474106,-0.00020565193386685304,0.04834132403957798,,34111.0,12.0,400.0,
e8c10644fe17685a,R8 single-boundary sales,drop sales within h of 2+ boundaries,stable,0.0027963981981400906,0.011690854288723258,-0.022934998600031897,0.028527794996312077,0.8153523133008537,,58587.0,12.0,400.0,
e8c10644fe17685a,R9 boundary-specific slopes,slopes vary by boundary,stable,0.016368226983595184,0.02462548108670245,-0.03783209144814023,0.0705685454153306,0.5199422670505218,,62196.0,12.0,400.0,
e8c10644fe17685a,R10 extra controls,add tenure and new-build FE,stable,0.01750414576472668,0.025239381161780206,-0.038047357622028696,0.07305564915148205,0.5023618551673695,,62196.0,12.0,400.0,
e8c10644fe17685a,R11 local quadratic,poly = 2,stable,0.031064059872074192,0.03066745591820718,-0.036434555501397806,0.0985626752455462,0.3328548198508885,,62196.0,12.0,400.0,
e8c10644fe17685a,R12 leave one boundary out,without 100190,no single boundary drives the result,0.01929677521064325,0.027387511638436415,-0.04172640352959886,0.08031995395088536,0.4971507021382774,,55315.0,11.0,400.0,
e8c10644fe17685a,R12 leave one boundary out,without 102239,no single boundary drives the result,0.019582172594294327,0.025627996090176304,-0.03752056119223304,0.07668490638082169,0.46245990730104725,,58694.0,11.0,400.0,
e8c10644fe17685a,R12 leave one boundary out,without 102673,no single boundary drives the result,0.022092460895830945,0.03043890256465699,-0.045729640519656514,0.0899145623113184,0.48460304382614583,,48529.0,11.0,400.0,
e8c10644fe17685a,R12 leave one boundary out,without 102679,no single boundary drives the result,0.027225425494938324,0.0271161358507711,-0.0331930903093241,0.08764394129920075,0.3390399584500562,,54829.0,11.0,400.0,
e8c10644fe17685a,R12 leave one boundary out,without 103103,no single boundary drives the result,0.02262940504334036,0.02733120495386536,-0.03826831458538364,0.08352712467206437,0.4270056712634921,,54610.0,11.0,400.0,
e8c10644fe17685a,R12 leave one boundary out,without 136711,no single boundary drives the result,0.019172009366401614,0.025598728767034395,-0.03786551276034025,0.07620953149314348,0.4711405592231721,,58952.0,11.0,400.0,
e8c10644fe17685a,R12 leave one boundary out,without 137060,no single boundary drives the result,0.014168860681244653,0.026093296114967145,-0.04397062616833944,0.07230834753082874,0.5990181683848099,,56220.0,11.0,400.0,
e8c10644fe17685a,R12 leave one boundary out,without 137197,no single boundary drives the result,0.02290880377076314,0.02504204965843015,-0.0328883600060204,0.07870596754754668,0.38181891292890924,,59908.0,11.0,400.0,
e8c10644fe17685a,R12 leave one boundary out,without 137531,no single boundary drives the result,0.01892849579343557,0.02567123676576537,-0.038270584222357004,0.07612757580922815,0.4778579921961382,,59031.0,11.0,400.0,
e8c10644fe17685a,R12 leave one boundary out,without 137635,no single boundary drives the result,0.02136585889860464,0.02519502857889084,-0.03477216315438901,0.0775038809515983,0.4162635681141713,,59057.0,11.0,400.0,
e8c10644fe17685a,R12 leave one boundary out,without 137848,no single boundary drives the result,-0.004383629808585508,0.009943910495841627,-0.02654004312483217,0.017772783507661156,0.6687095584752017,,58098.0,11.0,400.0,
e8c10644fe17685a,R12 leave one boundary out,without 143428,no single boundary drives the result,0.017278398009671965,0.024826026288195056,-0.03803743570295835,0.07259423172230228,0.5022962961180143,,60913.0,11.0,400.0,
