urn,school,year,published,check,detail,source
100190,Thomas Tallis School,2022,1875.01m,match,title names 2022,https://www.royalgreenwich.gov.uk/sites/default/files/2025-04/Secondary_Stats_for_Website_2022.xlsx
100190,Thomas Tallis School,2023,1614.7m,match,title names 2023,https://www.royalgreenwich.gov.uk/sites/default/files/2025-04/Secondary_Stats_for_Website_2023.xlsx
100190,Thomas Tallis School,2024,1728.12m,match,title names 2024,https://www.royalgreenwich.gov.uk/sites/default/files/2025-04/Secondary_Stats_for_Website_2024__1_.xlsx
100190,Thomas Tallis School,2025,1867.17m,match,title names 2025,https://www.royalgreenwich.gov.uk/sites/default/files/2026-08/Secondary%20school%20data%20and%20statistics%202025.xlsx
137531,Alexandra Park School,2015,0.5206 miles,match,column 2015 of 2009-2023 table,https://web.archive.org/web/20230317142555id_/http://www.haringey.gov.uk/sites/haringeygovuk/files/distance_of_last_child_offered_miles.pdf
137531,Alexandra Park School,2016,0.7324 miles,match,column 2016 of 2009-2023 table,https://web.archive.org/web/20230317142555id_/http://www.haringey.gov.uk/sites/haringeygovuk/files/distance_of_last_child_offered_miles.pdf
137531,Alexandra Park School,2017,0.5039 miles,match,column 2017 of 2009-2023 table,https://web.archive.org/web/20230317142555id_/http://www.haringey.gov.uk/sites/haringeygovuk/files/distance_of_last_child_offered_miles.pdf
137531,Alexandra Park School,2018,0.4852 miles,match,column 2018 of 2009-2023 table,https://web.archive.org/web/20230317142555id_/http://www.haringey.gov.uk/sites/haringeygovuk/files/distance_of_last_child_offered_miles.pdf
137531,Alexandra Park School,2019,0.4300 miles,match,column 2019 of 2009-2023 table,https://web.archive.org/web/20230317142555id_/http://www.haringey.gov.uk/sites/haringeygovuk/files/distance_of_last_child_offered_miles.pdf
137531,Alexandra Park School,2020,0.4257 miles,match,column 2020 of 2009-2023 table,https://web.archive.org/web/20230317142555id_/http://www.haringey.gov.uk/sites/haringeygovuk/files/distance_of_last_child_offered_miles.pdf
137531,Alexandra Park School,2021,0.4464 miles,match,column 2021 of 2009-2023 table,https://web.archive.org/web/20230317142555id_/http://www.haringey.gov.uk/sites/haringeygovuk/files/distance_of_last_child_offered_miles.pdf
137531,Alexandra Park School,2022,0.4580 miles,match,"column 2022 of [2026, 2025, 2024, 2023, 2022]",https://haringey.gov.uk/schools-learning/schools/school-admissions/how-school-place-offers-were-made/cutoff-distance-school-last-child-offered-place/secondary-schools-distance-school-last-child-offered-place-national-offer-day
137531,Alexandra Park School,2023,0.5150 miles,match,"column 2023 of [2026, 2025, 2024, 2023, 2022]",https://haringey.gov.uk/schools-learning/schools/school-admissions/how-school-place-offers-were-made/cutoff-distance-school-last-child-offered-place/secondary-schools-distance-school-last-child-offered-place-national-offer-day
137531,Alexandra Park School,2024,0.5267 miles,match,"column 2024 of [2026, 2025, 2024, 2023, 2022]",https://haringey.gov.uk/schools-learning/schools/school-admissions/how-school-place-offers-were-made/cutoff-distance-school-last-child-offered-place/secondary-schools-distance-school-last-child-offered-place-national-offer-day
137531,Alexandra Park School,2025,0.4991 miles,match,"column 2025 of [2026, 2025, 2024, 2023, 2022]",https://haringey.gov.uk/schools-learning/schools/school-admissions/how-school-place-offers-were-made/cutoff-distance-school-last-child-offered-place/secondary-schools-distance-school-last-child-offered-place-national-offer-day
102239,Whitmore High School,2016,0.93 miles,"value on row, year not in title",,https://web.archive.org/web/20240718182606id_/https://www.harrow.gov.uk/downloads/file/26414/secondary-school-allocations-2016-17.pdf
102239,Whitmore High School,2017,1.056 miles,match,title names 2017,https://web.archive.org/web/20240718135020id_/https://www.harrow.gov.uk/downloads/file/26413/secondary-school-allocations-2017-18.pdf
102239,Whitmore High School,2018,0.791 miles,match,title names 2018,https://web.archive.org/web/20240718185339id_/https://www.harrow.gov.uk/downloads/file/26412/secondary-school-allocations-2018-19.pdf
102239,Whitmore High School,2019,0.652 miles,match,title names 2019,https://web.archive.org/web/20240718163023id_/https://www.harrow.gov.uk/downloads/file/26411/secondary-school-allocations-2019-20.pdf
102239,Whitmore High School,2020,0.66 miles,match,title names 2020,https://web.archive.org/web/20240718134416id_/https://www.harrow.gov.uk/downloads/file/27225/secondary-school-allocations-2020-21-corrected.pdf
102239,Whitmore High School,2021,0.792 miles,match,title names 2021,https://web.archive.org/web/20240718195334id_/https://www.harrow.gov.uk/downloads/file/28604/secondary-school-allocations-2021-22.pdf
102239,Whitmore High School,2022,0.621 miles,match,title names 2022,https://web.archive.org/web/20230325193317id_/https://www.harrow.gov.uk/downloads/file/29994/Secondary_school_place_allocations_2022_23.pdf
102239,Whitmore High School,2023,0.743 miles,match,title names 2023,https://www.harrow.gov.uk/downloads/file/31344/How_places_were_allocated_22_23__website_ns.pdf
102239,Whitmore High School,2024,0.717 miles,match,title names 2024,https://www.harrow.gov.uk/downloads/file/32426/How_places_were_allocated_2024_25_secondary.pdf
102239,Whitmore High School,2025,0.791 miles,match,title names 2025,https://www.harrow.gov.uk/downloads/file/32970/How_places_were_allocated_25_26__website_final.pdf
137197,Hall Mead School,2017,2.411 km,match,title names 2017,https://www.havering.gov.uk/downloads/file/1077/secondary-school-statistics-2017
137197,Hall Mead School,2018,2.627 km,value elsewhere only,,https://www.havering.gov.uk/downloads/file/1848/secondary-school-statistics-2018
137197,Hall Mead School,2019,2.792 km,match,title names 2019,https://www.havering.gov.uk/downloads/file/3038/secondary-school-statistics-2019
137197,Hall Mead School,2020,2.623 km,match,title names 2020,https://www.havering.gov.uk/downloads/file/3661/secondary-school-statistics-2020
137197,Hall Mead School,2021,3.071 km,match,title names 2021,https://www.havering.gov.uk/downloads/file/4556/secondary-school-statistics-2021
137197,Hall Mead School,2022,2.068 km,match,title names 2022,https://www.havering.gov.uk/downloads/file/5377/secondary-school-statistics-2022
137197,Hall Mead School,2023,2.300 km,match,title names 2023,https://www.havering.gov.uk/downloads/file/6066/secondary-school-statistics-2023
137197,Hall Mead School,2024,2.211 km,match,title names 2024,https://www.havering.gov.uk/downloads/file/6537/secondary-school-statistics-2024
137197,Hall Mead School,2025,2.354 km,match,title names 2025,https://www.havering.gov.uk/downloads/file/6919/secondary-school-statistics-2025
143428,Harris Academy Rainham,2018,2.392 km,value elsewhere only,,https://www.havering.gov.uk/downloads/file/1848/secondary-school-statistics-2018
143428,Harris Academy Rainham,2019,2.022 km,match,title names 2019,https://www.havering.gov.uk/downloads/file/3038/secondary-school-statistics-2019
143428,Harris Academy Rainham,2020,2.185 km,match,title names 2020,https://www.havering.gov.uk/downloads/file/3661/secondary-school-statistics-2020
143428,Harris Academy Rainham,2021,2.925 km,match,title names 2021,https://www.havering.gov.uk/downloads/file/4556/secondary-school-statistics-2021
143428,Harris Academy Rainham,2022,2.396 km,match,title names 2022,https://www.havering.gov.uk/downloads/file/5377/secondary-school-statistics-2022
143428,Harris Academy Rainham,2023,2.512 km,match,title names 2023,https://www.havering.gov.uk/downloads/file/6066/secondary-school-statistics-2023
143428,Harris Academy Rainham,2024,2.601 km,match,title names 2024,https://www.havering.gov.uk/downloads/file/6537/secondary-school-statistics-2024
143428,Harris Academy Rainham,2025,2.983 km,match,title names 2025,https://www.havering.gov.uk/downloads/file/6919/secondary-school-statistics-2025
136711,Queensmead School,2021,1552.07m,match,title names 2021,https://www.hillingdon.gov.uk/media/7409/Secondary-allocation-data-2021/pdf/Secondary_Allocation_Data_2021.pdf?m=1635242637747
136711,Queensmead School,2022,1554.07m,match,title names 2022,https://www.hillingdon.gov.uk/media/8518/Secondary-allocation-data-2022/pdf/Secondary_allocation_data_2022.pdf?m=1646151509753
136711,Queensmead School,2023,1366.66m,match,title names 2023,https://www.hillingdon.gov.uk/media/11188/Secondary-allocation-data-2023/pdf/emSecondary_allocation_data_2023_1.pdf?m=1698398926857
136711,Queensmead School,2024,1191.79m,image: checked by eye,no text layer,https://web.archive.org/web/20240613150706id_/https://www.hillingdon.gov.uk/media/13608/Secondary-allocation-data-2024/pdf/mjSecondary-allocation-data-2024.pdf?m=1709304343083
136711,Queensmead School,2025,1611.51m,image: checked by eye,no text layer,https://www.hillingdon.gov.uk/media/15908/Secondary-allocation-data-2025/pdf/g0Secondary_allocations_2025.pdf?m=1742459599217
137635,Vyners School,2021,1748.97m,match,title names 2021,https://www.hillingdon.gov.uk/media/7409/Secondary-allocation-data-2021/pdf/Secondary_Allocation_Data_2021.pdf?m=1635242637747
137635,Vyners School,2022,1661.91m,match,title names 2022,https://www.hillingdon.gov.uk/media/8518/Secondary-allocation-data-2022/pdf/Secondary_allocation_data_2022.pdf?m=1646151509753
137635,Vyners School,2023,1485.53m,match,title names 2023,https://www.hillingdon.gov.uk/media/11188/Secondary-allocation-data-2023/pdf/emSecondary_allocation_data_2023_1.pdf?m=1698398926857
137635,Vyners School,2024,1715.74m,image: checked by eye,no text layer,https://web.archive.org/web/20240613150706id_/https://www.hillingdon.gov.uk/media/13608/Secondary-allocation-data-2024/pdf/mjSecondary-allocation-data-2024.pdf?m=1709304343083
137635,Vyners School,2025,1673.49m,image: checked by eye,no text layer,https://www.hillingdon.gov.uk/media/15908/Secondary-allocation-data-2025/pdf/g0Secondary_allocations_2025.pdf?m=1742459599217
137848,Coombe Girls' School,2021,1.821 km,match,NOD 2021 column,https://www.kingston.gov.uk/sites/default/files/downloads/Kingston_Sec_offers_2023_2021.pdf
137848,Coombe Girls' School,2022,1.952 km,match,NOD 2022 column,https://www.kingston.gov.uk/sites/default/files/downloads/Kingston_Sec_offers_2023_2021.pdf
137848,Coombe Girls' School,2023,1.915 km,match,NOD 2023 column,https://www.kingston.gov.uk/sites/default/files/downloads/Kingston_Sec_offers_2023_2021.pdf
137848,Coombe Girls' School,2024,2.628 km,match,title names 2024,https://5f2fe3253cd1dfa0d089-bf8b2cdb6a1dc2999fecbc372702016c.ssl.cf3.rackcdn.com/uploads/ckeditor/attachments/16549/Kingston_Secondary_guide_2025.pdf
137848,Coombe Girls' School,2025,2.959 km,match,title names 2025,https://5f2fe3253cd1dfa0d089-bf8b2cdb6a1dc2999fecbc372702016c.ssl.cf3.rackcdn.com/uploads/ckeditor/attachments/18702/Kingston_Secondary_guide_2026__Nov_2025_.pdf
137060,Tolworth Girls' School and Sixth Form,2021,2.739 km,match,NOD 2021 column,https://www.kingston.gov.uk/sites/default/files/downloads/Kingston_Sec_offers_2023_2021.pdf
137060,Tolworth Girls' School and Sixth Form,2022,3.493 km,match,NOD 2022 column,https://www.kingston.gov.uk/sites/default/files/downloads/Kingston_Sec_offers_2023_2021.pdf
137060,Tolworth Girls' School and Sixth Form,2023,2.931 km,match,NOD 2023 column,https://www.kingston.gov.uk/sites/default/files/downloads/Kingston_Sec_offers_2023_2021.pdf
137060,Tolworth Girls' School and Sixth Form,2024,3.937 km,match,title names 2024,https://5f2fe3253cd1dfa0d089-bf8b2cdb6a1dc2999fecbc372702016c.ssl.cf3.rackcdn.com/uploads/ckeditor/attachments/16549/Kingston_Secondary_guide_2025.pdf
137060,Tolworth Girls' School and Sixth Form,2025,2.785 km,match,title names 2025,https://5f2fe3253cd1dfa0d089-bf8b2cdb6a1dc2999fecbc372702016c.ssl.cf3.rackcdn.com/uploads/ckeditor/attachments/18702/Kingston_Secondary_guide_2026__Nov_2025_.pdf
102673,Ricards Lodge High School,2019,2892.52m,match,"section September 2019, offer-day column",https://www.merton.gov.uk/system/files/admissions_and_appeals_data_for_recent_years_-_table.pdf
102673,Ricards Lodge High School,2020,2949.36m,match,"section September 2020, offer-day column",https://www.merton.gov.uk/system/files/admissions_and_appeals_data_for_recent_years_-_table.pdf
102673,Ricards Lodge High School,2021,2912.43m,match,"section September 2021, offer-day column",https://www.merton.gov.uk/system/files/admissions_and_appeals_data_for_recent_years_-_table.pdf
102673,Ricards Lodge High School,2022,3124.74m,match,"section September 2022, offer-day column",https://www.merton.gov.uk/system/files/admissions_and_appeals_data_for_recent_years_-_table.pdf
102673,Ricards Lodge High School,2023,2816.25m,match,"section September 2023, offer-day column",https://www.merton.gov.uk/system/files/admissions_and_appeals_data_for_recent_years_-_table.pdf
102673,Ricards Lodge High School,2024,2597.37m,match,"section September 2024, offer-day column",https://www.merton.gov.uk/system/files/admissions_and_appeals_data_for_recent_years_-_table.pdf
102679,Rutlish School,2019,2219.64m,match,"section September 2019, offer-day column",https://www.merton.gov.uk/system/files/admissions_and_appeals_data_for_recent_years_-_table.pdf
102679,Rutlish School,2020,2663.22m,match,"section September 2020, offer-day column",https://www.merton.gov.uk/system/files/admissions_and_appeals_data_for_recent_years_-_table.pdf
102679,Rutlish School,2021,2533.66m,match,"section September 2021, offer-day column",https://www.merton.gov.uk/system/files/admissions_and_appeals_data_for_recent_years_-_table.pdf
102679,Rutlish School,2022,2565.50m,match,"section September 2022, offer-day column",https://www.merton.gov.uk/system/files/admissions_and_appeals_data_for_recent_years_-_table.pdf
102679,Rutlish School,2023,2585.17m,match,"section September 2023, offer-day column",https://www.merton.gov.uk/system/files/admissions_and_appeals_data_for_recent_years_-_table.pdf
102679,Rutlish School,2024,2391.40m,match,"section September 2024, offer-day column",https://www.merton.gov.uk/system/files/admissions_and_appeals_data_for_recent_years_-_table.pdf
103103,Walthamstow School for Girls,2020,0.771 miles,match,column 2020/21,https://web.archive.org/web/20230314212923id_/https://www.walthamforest.gov.uk/sites/default/files/2022-09/LBWF%20Starting%20Secondary%20School%202023.pdf
103103,Walthamstow School for Girls,2021,0.813 miles,match,column 2021/22,https://web.archive.org/web/20230314212923id_/https://www.walthamforest.gov.uk/sites/default/files/2022-09/LBWF%20Starting%20Secondary%20School%202023.pdf
103103,Walthamstow School for Girls,2022,0.764 miles,match,column 2022/23,https://www.walthamforest.gov.uk/sites/default/files/2024-09/Starting%20Secondary%20School%202025.pdf
103103,Walthamstow School for Girls,2023,0.745 miles,match,column 2023/24,https://www.walthamforest.gov.uk/sites/default/files/2024-09/Starting%20Secondary%20School%202025.pdf
103103,Walthamstow School for Girls,2024,0.691 miles,match,column 2024/25,https://www.walthamforest.gov.uk/sites/default/files/2024-09/Starting%20Secondary%20School%202025.pdf
103103,Walthamstow School for Girls,2025,0.830 miles,match,column 2025/26,https://www.walthamforest.gov.uk/sites/default/files/2025-08/1012501%20-%20WF_SECONDARY%20BROCHURE%202026%20-%20WEB.pdf
